iter	RMSE
0	0.6471953914
1	0.3339144213
2	0.1808372997
3	0.1040414049
4	0.06569911777
5	0.04644235131
6	0.03725181369
7	0.03289390221
8	0.03110224701
9	0.02991024865
